{
  "fat freddy's drop": {
    "artist": {
      "name": "Fat Freddy's Drop",
      "mbid": "d451395a-f768-432e-bb70-d38c32baf4cb",
      "url": "https://www.last.fm/music/Fat+Freddy%27s+Drop",
      "image": [
        {
          "#text": "https://lastfm.freetls.fastly.net/i/u/34s/2a96cbd8b46e442fc41c2b86b821562f.png",
          "size": "small"
        },
        {
          "#text": "https://lastfm.freetls.fastly.net/i/u/64s/2a96cbd8b46e442fc41c2b86b821562f.png",
          "size": "medium"
        },
        {
          "#text": "https://lastfm.freetls.fastly.net/i/u/174s/2a96cbd8b46e442fc41c2b86b821562f.png",
          "size": "large"
        },
        {
          "#text": "https://lastfm.freetls.fastly.net/i/u/300x300/2a96cbd8b46e442fc41c2b86b821562f.png",
          "size": "extralarge"
        },
        {
          "#text": "https://lastfm.freetls.fastly.net/i/u/300x300/2a96cbd8b46e442fc41c2b86b821562f.png",
          "size": "mega"
        },
        {
          "#text": "https://lastfm.freetls.fastly.net/i/u/300x300/2a96cbd8b46e442fc41c2b86b821562f.png",
          "size": ""
        }
      ],
      "streamable": "0",
      "ontour": "1",
      "stats": {
        "listeners": "297700",
        "playcount": "5977093"
      },
      "similar": {
        "artist": [
          {
            "name": "The Black Seeds",
            "url": "https://www.last.fm/music/The+Black+Seeds",
            "image": [
              {
                "#text": "https://lastfm.freetls.fastly.net/i/u/34s/2a96cbd8b46e442fc41c2b86b821562f.png",
                "size": "small"
              },
              {
                "#text": "https://lastfm.freetls.fastly.net/i/u/64s/2a96cbd8b46e442fc41c2b86b821562f.png",
                "size": "medium"
              },
              {
                "#text": "https://lastfm.freetls.fastly.net/i/u/174s/2a96cbd8b46e442fc41c2b86b821562f.png",
                "size": "large"
              },
              {
                "#text": "https://lastfm.freetls.fastly.net/i/u/300x300/2a96cbd8b46e442fc41c2b86b821562f.png",
                "size": "extralarge"
              },
              {
                "#text": "https://lastfm.freetls.fastly.net/i/u/300x300/2a96cbd8b46e442fc41c2b86b821562f.png",
                "size": "mega"
              },
              {
                "#text": "https://lastfm.freetls.fastly.net/i/u/300x300/2a96cbd8b46e442fc41c2b86b821562f.png",
                "size": ""
              }
            ]
          },
          {
            "name": "Salmonella Dub",
            "url": "https://www.last.fm/music/Salmonella+Dub",
            "image": [
              {
                "#text": "https://lastfm.freetls.fastly.net/i/u/34s/2a96cbd8b46e442fc41c2b86b821562f.png",
                "size": "small"
              },
              {
                "#text": "https://lastfm.freetls.fastly.net/i/u/64s/2a96cbd8b46e442fc41c2b86b821562f.png",
                "size": "medium"
              },
              {
                "#text": "https://lastfm.freetls.fastly.net/i/u/174s/2a96cbd8b46e442fc41c2b86b821562f.png",
                "size": "large"
              },
              {
                "#text": "https://lastfm.freetls.fastly.net/i/u/300x300/2a96cbd8b46e442fc41c2b86b821562f.png",
                "size": "extralarge"
              },
              {
                "#text": "https://lastfm.freetls.fastly.net/i/u/300x300/2a96cbd8b46e442fc41c2b86b821562f.png",
                "size": "mega"
              },
              {
                "#text": "https://lastfm.freetls.fastly.net/i/u/300x300/2a96cbd8b46e442fc41c2b86b821562f.png",
                "size": ""
              }
            ]
          },
          {
            "name": "Katchafire",
            "url": "https://www.last.fm/music/Katchafire",
            "image": [
              {
                "#text": "https://lastfm.freetls.fastly.net/i/u/34s/2a96cbd8b46e442fc41c2b86b821562f.png",
                "size": "small"
              },
              {
                "#text": "https://lastfm.freetls.fastly.net/i/u/64s/2a96cbd8b46e442fc41c2b86b821562f.png",
                "size": "medium"
              },
              {
                "#text": "https://lastfm.freetls.fastly.net/i/u/174s/2a96cbd8b46e442fc41c2b86b821562f.png",
                "size": "large"
              },
              {
                "#text": "https://lastfm.freetls.fastly.net/i/u/300x300/2a96cbd8b46e442fc41c2b86b821562f.png",
                "size": "extralarge"
              },
              {
                "#text": "https://lastfm.freetls.fastly.net/i/u/300x300/2a96cbd8b46e442fc41c2b86b821562f.png",
                "size": "mega"
              },
              {
                "#text": "https://lastfm.freetls.fastly.net/i/u/300x300/2a96cbd8b46e442fc41c2b86b821562f.png",
                "size": ""
              }
            ]
          },
          {
            "name": "Sola Rosa",
            "url": "https://www.last.fm/music/Sola+Rosa",
            "image": [
              {
                "#text": "https://lastfm.freetls.fastly.net/i/u/34s/2a96cbd8b46e442fc41c2b86b821562f.png",
                "size": "small"
              },
              {
                "#text": "https://lastfm.freetls.fastly.net/i/u/64s/2a96cbd8b46e442fc41c2b86b821562f.png",
                "size": "medium"
              },
              {
                "#text": "https://lastfm.freetls.fastly.net/i/u/174s/2a96cbd8b46e442fc41c2b86b821562f.png",
                "size": "large"
              },
              {
                "#text": "https://lastfm.freetls.fastly.net/i/u/300x300/2a96cbd8b46e442fc41c2b86b821562f.png",
                "size": "extralarge"
              },
              {
                "#text": "https://lastfm.freetls.fastly.net/i/u/300x300/2a96cbd8b46e442fc41c2b86b821562f.png",
                "size": "mega"
              },
              {
                "#text": "https://lastfm.freetls.fastly.net/i/u/300x300/2a96cbd8b46e442fc41c2b86b821562f.png",
                "size": ""
              }
            ]
          },
          {
            "name": "Six60",
            "url": "https://www.last.fm/music/Six60",
            "image": [
              {
                "#text": "https://lastfm.freetls.fastly.net/i/u/34s/2a96cbd8b46e442fc41c2b86b821562f.png",
                "size": "small"
              },
              {
                "#text": "https://lastfm.freetls.fastly.net/i/u/64s/2a96cbd8b46e442fc41c2b86b821562f.png",
                "size": "medium"
              },
              {
                "#text": "https://lastfm.freetls.fastly.net/i/u/174s/2a96cbd8b46e442fc41c2b86b821562f.png",
                "size": "large"
              },
              {
                "#text": "https://lastfm.freetls.fastly.net/i/u/300x300/2a96cbd8b46e442fc41c2b86b821562f.png",
                "size": "extralarge"
              },
              {
                "#text": "https://lastfm.freetls.fastly.net/i/u/300x300/2a96cbd8b46e442fc41c2b86b821562f.png",
                "size": "mega"
              },
              {
                "#text": "https://lastfm.freetls.fastly.net/i/u/300x300/2a96cbd8b46e442fc41c2b86b821562f.png",
                "size": ""
              }
            ]
          }
        ]
      },
      "tags": {
        "tag": [
          {
            "name": "dub",
            "url": "https://www.last.fm/tag/dub"
          },
          {
            "name": "reggae",
            "url": "https://www.last.fm/tag/reggae"
          },
          {
            "name": "New Zealand",
            "url": "https://www.last.fm/tag/New+Zealand"
          },
          {
            "name": "chillout",
            "url": "https://www.last.fm/tag/chillout"
          },
          {
            "name": "seen live",
            "url": "https://www.last.fm/tag/seen+live"
          }
        ]
      },
      "bio": {
        "links": {
          "link": {
            "#text": "",
            "rel": "original",
            "href": "https://last.fm/music/Fat+Freddy%27s+Drop/+wiki"
          }
        },
        "published": "15 Jun 2006, 14:38",
        "summary": "Fat Freddy's Drop is a 7 piece live Dub/Reggae band from Wellington, New Zealand.  Founded in 2001, the current lineup consists of DJ Fitchie, Joe Dukie,  Toby Chang, HoPepa,  Chopper Reedz, Jetlag Johnson, and  Dobie Blaze. The name \"Fat Freddy's Drop\" is a reference to a piece of blotter art that was circulating in the NZ dance scene in the late 90's. \n\nFat Freddy's Drop have now released their second major studio album, Dr Boondigga & The Big BW - shipping GOLD on the first day of release on 26th May 2009. <a href=\"https://www.last.fm/music/Fat+Freddy%27s+Drop\">Read more on Last.fm</a>",
        "content": "Fat Freddy's Drop is a 7 piece live Dub/Reggae band from Wellington, New Zealand.  Founded in 2001, the current lineup consists of DJ Fitchie, Joe Dukie,  Toby Chang, HoPepa,  Chopper Reedz, Jetlag Johnson, and  Dobie Blaze. The name \"Fat Freddy's Drop\" is a reference to a piece of blotter art that was circulating in the NZ dance scene in the late 90's. \n\nFat Freddy's Drop have now released their second major studio album, Dr Boondigga & The Big BW - shipping GOLD on the first day of release on 26th May 2009.  Featuring Art & Design by Otis Frizzell, the album features nine fresh phat tracks that span soul, dub, reggae, techno, blues flavors.   \n\nThe group's first major release was a live album, Live at the Matterhorn, a lengthy jam session recorded in a popular Wellington night club. Their first studio album,  Based on a True Story was released in 2005. After only a day of release it had gone gold and was number one in the New Zealand album charts despite having little advertising or marketing. The album's first single, \"Wandering Eye\", spent 17 weeks in the RIANZ Top 40 Singles Chart and peaked at number six.\n\nFreddy's dominated the 2005 New Zealand Music Awards, taking Best Group, Best Album, Best New Zealand Roots Group and the Peoples Choice Award. On December 18, 2005 the group were awarded the Worldwide \"Album of the Year Award\", as voted for by over 20,000 listeners of Gilles Peterson's BBC Radio 1 'Worldwide' show.\n\nThey won three awards at the 2006 New Zealand Music Awards (18 October). The People's Choice Award, the Highest Selling NZ Album ([album/artist=fat freddy's drop]Based On A True Story[album/artist]) and Best Music Video for the single Wandering Eye.\n\nMidnight Marauders and Hope both scaled to the number one spot on Gilles Peterson’s top twenty Worldwide picks in 2002 and 2003 respectively.\n\nFrom the underground to the higher-ground, Fat Freddy’s Drop do it for the love of music, and food!\n\nhttp://fatfreddysdrop.com\nhttp://www.myspace.com/fatfreddysdropnz <a href=\"https://www.last.fm/music/Fat+Freddy%27s+Drop\">Read more on Last.fm</a>. User-contributed text is available under the Creative Commons By-SA License; additional terms may apply."
      }
    }
  }
}
