{
  "posts": [
    {
      "id": "9bn2EiXj",
      "content": "something interesting",
      "author": "drazik",
      "date": "2020-02-24T19:04:29.244Z",
      "comments": []
    },
    {
      "id": "d73A_WfM",
      "content": "something else !",
      "author": "drazik",
      "date": "2020-02-24T19:04:44.292Z",
      "comments": []
    },
    {
      "id": "Bzf3oEmE",
      "content": "pouet",
      "author": "drazik",
      "date": "2020-02-24T19:05:32.728Z",
      "comments": []
    },
    {
      "id": "4G1JJmdf",
      "content": "pouet pouet",
      "author": "drazik",
      "date": "2020-02-24T19:05:34.953Z",
      "comments": []
    },
    {
      "id": "Ta1OCoVt",
      "content": "yoyoyo",
      "author": "drazik",
      "date": "2020-02-24T19:10:43.698Z",
      "comments": []
    },
    {
      "id": "h1RAUWAy",
      "content": "pouet",
      "author": "poeut",
      "date": "2020-03-05T12:54:35.744Z",
      "comments": []
    }
  ]
}