{
  "posts": [
    {
      "id": "9bn2EiXj",
      "content": "something interesting",
      "author": "drazik",
      "date": "2020-02-24T19:04:29.244Z",
      "comments": []
    },
    {
      "id": "d73A_WfM",
      "content": "something else !",
      "author": "drazik",
      "date": "2020-02-24T19:04:44.292Z",
      "comments": []
    },
    {
      "id": "Bzf3oEmE",
      "content": "pouet",
      "author": "drazik",
      "date": "2020-02-24T19:05:32.728Z",
      "comments": []
    },
    {
      "id": "4G1JJmdf",
      "content": "pouet pouet",
      "author": "drazik",
      "date": "2020-02-24T19:05:34.953Z",
      "comments": []
    },
    {
      "id": "Ta1OCoVt",
      "content": "yoyoyo",
      "author": "drazik",
      "date": "2020-02-24T19:10:43.698Z",
      "comments": []
    },
    {
      "id": "w7VvHOXX",
      "content": "test",
      "author": "test",
      "date": "2020-02-24T21:39:26.508Z",
      "comments": []
    },
    {
      "id": "AXbU5A7T",
      "content": "quelquechose",
      "author": "drazik",
      "date": "2020-02-24T23:33:48.556Z",
      "comments": []
    },
    {
      "id": "1QYHb6-D",
      "content": "autre chose",
      "author": "drazik",
      "date": "2020-02-24T23:33:55.771Z",
      "comments": []
    },
    {
      "id": "U7Or02FT",
      "content": "ezofjke",
      "author": "drazik",
      "date": "2020-02-25T00:52:16.670Z",
      "comments": []
    },
    {
      "id": "NPFxaA85",
      "content": "poiuytr",
      "author": "drazik",
      "date": "2020-02-25T01:07:13.761Z",
      "comments": []
    },
    {
      "id": "jD9p9e0F",
      "content": "this is a new post",
      "author": "drazik",
      "date": "2020-03-04T17:56:32.069Z",
      "comments": []
    },
    {
      "id": "3xwWNxC5b",
      "content": "test",
      "author": "drazik",
      "date": "2020-04-06T13:24:10.029Z",
      "comments": []
    },
    {
      "id": "rNt75kyM4",
      "content": "test",
      "author": "drazik",
      "date": "2020-04-06T13:25:03.997Z",
      "comments": []
    }
  ]
}